Combined Tag,Parent Tag,Tag,Issue
CE:7Th Field Ambul,CE,7Th Field Ambul,
CE:A.I.F. Burial,CE,A.I.F. Burial,
CE:Abbeville,CE,Abbeville,
CE:Abbeville Ext,CE,Abbeville Ext,
CE:Achiet-Le-Grand,CE,Achiet-Le-Grand,
CE:Adanac Military,CE,Adanac Military,
CE:Addolorata,CE,Addolorata,
CE:Advent,CE,Advent,
CE:Aeroplane,CE,Aeroplane,
CE:Aghadowey,CE,Aghadowey,
CE:Ahipara Maori,CE,Ahipara Maori,
CE:Aire Communal,CE,Aire Communal,
CE:Akaroa,CE,Akaroa,
CE:Albany,CE,Albany,
CE:Albany Old,CE,Albany Old,
CE:Aldershot,CE,Aldershot,
CE:Alexandra South,CE,Alexandra South,
CE:Alexandria Chatby,CE,Alexandria Chatby,
CE:Alexandria Hadra,CE,Alexandria Hadra,
CE:Allery,CE,Allery,
CE:Ancre,CE,Ancre,
CE:Anneux,CE,Anneux,
CE:Anzac,CE,Anzac,
CE:Appleby Anglican,CE,Appleby Anglican,
CE:Appleby Catholic,CE,Appleby Catholic,
CE:Ari Burnu,CE,Ari Burnu,
CE:Arneke,CE,Arneke,
CE:Arras Flying,CE,Arras Flying,
CE:Arras Memorial,CE,Arras Memorial,
CE:Artillery Wood,CE,Artillery Wood,
CE:Ashburton,CE,Ashburton,
CE:Ashford,CE,Ashford,
CE:Athol,CE,Athol,
CE:Aubigny Communa,CE,Aubigny Communa,
CE:Auchonvillers,CE,Auchonvillers,
CE:Auckland Provincial,CE,Auckland Provincial,
CE:Auckland Waikumete,CE,Auckland Waikumete,
CE:Auxi-Le-Chateau,CE,Auxi-Le-Chateau,
CE:Avoca,CE,Avoca,
CE:Awanui,CE,Awanui,
CE:Awoingt,CE,Awoingt,
CE:Baby 700,CE,Baby 700,
CE:Baghdad,CE,Baghdad,
CE:Bagneux,CE,Bagneux,
CE:Bailleul,CE,Bailleul,
CE:Balcairn,CE,Balcairn,
CE:Balclutha,CE,Balclutha,
CE:Bancourt,CE,Bancourt,
CE:Bancourt British,CE,Bancourt British,
CE:Bapaume Communa,CE,Bapaume Communa,
CE:Barastre,CE,Barastre,
CE:Barthomley,CE,Barthomley,
CE:Basra Memorial,CE,Basra Memorial,
CE:Basra War,CE,Basra War,
CE:Batley,CE,Batley,
CE:Beach,CE,Beach,
CE:Beaudignies,CE,Beaudignies,
CE:Beaulencourt,CE,Beaulencourt,
CE:Beaumetz,CE,Beaumetz,
CE:Beauval,CE,Beauval,
CE:Beauvois,CE,Beauvois,
CE:Bedford House,CE,Bedford House,
CE:Beersheba War,CE,Beersheba War,
CE:Beirut War,CE,Beirut War,
CE:Belgian Battery,CE,Belgian Battery,
CE:Belgrade,CE,Belgrade,
CE:Belle Vue,CE,Belle Vue,
CE:Berks,CE,Berks,
CE:Berlin South-West,CE,Berlin South-West,
CE:Bernafay Wood,CE,Bernafay Wood,
CE:Bertrancourt Communal,CE,Bertrancourt Communal,
CE:Bertrancourt Military,CE,Bertrancourt Military,
CE:Bethencourt,CE,Bethencourt,
CE:Bethleem Farm,CE,Bethleem Farm,
CE:Bienvillers,CE,Bienvillers,
CE:Birkenhead Angl,CE,Birkenhead Angl,
CE:Birkenhead Cath,CE,Birkenhead Cath,
CE:Birkenhead Publ,CE,Birkenhead Publ,
CE:Birmingham,CE,Birmingham,
CE:Birr Cross,CE,Birr Cross,
CE:Blackpool,CE,Blackpool,
CE:Blargies,CE,Blargies,
CE:Blenheim Omaka,CE,Blenheim Omaka,
CE:Bluff,CE,Bluff,
CE:Bois-Guillaume,CE,Bois-Guillaume,
CE:Bombay Anglican,CE,Bombay Anglican,
CE:Bombay Presb,CE,Bombay Presb,
CE:Bordeaux,CE,Bordeaux,
CE:Boulogne,CE,Boulogne,
CE:Bournemouth,CE,Bournemouth,
CE:Brandhoek,CE,Brandhoek,
CE:Breinton,CE,Breinton,
CE:Brewery Orchard,CE,Brewery Orchard,
CE:Brighton City,CE,Brighton City,
CE:Brighton General,CE,Brighton General,
CE:Brinkworth,CE,Brinkworth,
CE:Bristol,CE,Bristol,
CE:Brockenhurst,CE,Brockenhurst,
CE:Brookside,CE,Brookside,
CE:Brookside Anglican,CE,Brookside Anglican,
CE:Brookwood,CE,Brookwood,
CE:Bulls,CE,Bulls,
CE:Burnley,CE,Burnley,
CE:Busigny,CE,Busigny,
CE:Buttes New British,CE,Buttes New British,
CE:Buttes NZ Memorial,CE,Buttes NZ Memorial,
CE:Cabaret-Rouge,CE,Cabaret-Rouge,
CE:Cagnicourt,CE,Cagnicourt,
CE:Cairo War Memorial,CE,Cairo War Memorial,
CE:Calais,CE,Calais,
CE:Cambrai,CE,Cambrai,
CE:Cambridge Hautapa,CE,Cambridge Hautapa,
CE:Cambridge Leamington,CE,Cambridge Leamington,
CE:Canadian,CE,Canadian,
CE:Cannock Chase,CE,Cannock Chase,
"CE:Canterbury , Anzac",CE,"Canterbury , Anzac",
CE:Canterbury Provincial,CE,Canterbury Provincial,
"CE:Canterbury, Kent",CE,"Canterbury, Kent",
CE:Cape Town,CE,Cape Town,
CE:Carlisle,CE,Carlisle,
CE:Carnmoney,CE,Carnmoney,
CE:Carnock,CE,Carnock,
CE:Carnoy,CE,Carnoy,
CE:Carr Villa,CE,Carr Villa,
CE:Caterpillar NZ Memorial,CE,Caterpillar NZ Memorial,
CE:Caterpillar Valley,CE,Caterpillar Valley,
CE:Cathcart,CE,Cathcart,
CE:Caudry,CE,Caudry,
CE:Cement House,CE,Cement House,
CE:Chadderton,CE,Chadderton,
CE:Chanak,CE,Chanak,
CE:Charleroi,CE,Charleroi,
CE:Cheviot,CE,Cheviot,
CE:Chichester,CE,Chichester,
CE:Christchurch Addington,CE,Christchurch Addington,
CE:Christchurch Avonside,CE,Christchurch Avonside,
CE:Christchurch Bromley,CE,Christchurch Bromley,
CE:Christchurch Linwood,CE,Christchurch Linwood,
CE:Christchurch Papanui,CE,Christchurch Papanui,
CE:Christchurch Riccarton,CE,Christchurch Riccarton,
CE:Christchurch Sydenham,CE,Christchurch Sydenham,
CE:Christchurch Waimairi,CE,Christchurch Waimairi,
CE:Christchurch Woolston,CE,Christchurch Woolston,
CE:Chunuk Bair,CE,Chunuk Bair,
CE:Chunuk Bair NZ Memorial,CE,Chunuk Bair NZ Memorial,
CE:Cite Bonjean Military,CE,Cite Bonjean Military,
CE:Cite Bonjean NZ Memorial,CE,Cite Bonjean NZ Memorial,
CE:City Of London,CE,City Of London,
CE:Clevedon,CE,Clevedon,
CE:Clinton,CE,Clinton,
CE:Cliveden,CE,Cliveden,
CE:Codford St,CE,Codford St,
CE:Colincamps,CE,Colincamps,
CE:Collingwood,CE,Collingwood,
CE:Cologne,CE,Cologne,
CE:Colombo Kanatte,CE,Colombo Kanatte,
CE:Compton Dundon,CE,Compton Dundon,
CE:Conde-Sur-L'Esc,CE,Conde-Sur-L'Esc,
CE:Coromandel,CE,Coromandel,
CE:Corozal,CE,Corozal,
CE:Couin,CE,Couin,
CE:Courcelles-Au-Bois,CE,Courcelles-Au-Bois,
CE:Courtneys and Steels Post,CE,Courtneys and Steels Post,
CE:Coxyde,CE,Coxyde,
CE:Croix-Du-Bac,CE,Croix-Du-Bac,
CE:Cromwell,CE,Cromwell,
CE:Cronadun,CE,Cronadun,
CE:Cross Roads,CE,Cross Roads,
CE:Croydon,CE,Croydon,
CE:Dainville,CE,Dainville,
CE:Dalziel,CE,Dalziel,
CE:Damascus,CE,Damascus,
CE:Dannevirke,CE,Dannevirke,
CE:Dantzig,CE,Dantzig,
CE:Daours,CE,Daours,
CE:Dartmoor,CE,Dartmoor,
CE:Deir El Belah,CE,Deir El Belah,
CE:Delsaux Farm,CE,Delsaux Farm,
CE:Delville Wood,CE,Delville Wood,
CE:Dernancourt,CE,Dernancourt,
CE:Devonport,CE,Devonport,
CE:Dijon,CE,Dijon,
CE:Dipton,CE,Dipton,
CE:Divisional,CE,Divisional,
CE:Divisional Collecting Post,CE,Divisional Collecting Post,
CE:Dochy Farm,CE,Dochy Farm,
CE:Dolla,CE,Dolla,
CE:Donoughmore,CE,Donoughmore,
CE:Dorie,CE,Dorie,
CE:Douai,CE,Douai,
CE:Doullens Ext 1,CE,Doullens Ext 1,
CE:Doullens Ext 2,CE,Doullens Ext 2,
CE:Dozinghem,CE,Dozinghem,
CE:Dranoutre,CE,Dranoutre,
CE:Driffield,CE,Driffield,
CE:Drybread,CE,Drybread,
CE:Duhallow,CE,Duhallow,
CE:Duisans,CE,Duisans,
CE:Dundee Balgay,CE,Dundee Balgay,
CE:Dundee Eastern,CE,Dundee Eastern,
CE:Dunedin Anderson Bay,CE,Dunedin Anderson Bay,
CE:Dunedin Northern,CE,Dunedin Northern,
CE:Dunedin Southern,CE,Dunedin Southern,
CE:Dunfermline,CE,Dunfermline,
CE:Dunkirk,CE,Dunkirk,
CE:Durban,CE,Durban,
CE:East Mudros,CE,East Mudros,
CE:East Taieri,CE,East Taieri,
CE:Easton,CE,Easton,
CE:Ecclesall,CE,Ecclesall,
CE:Edinburgh,CE,Edinburgh,
CE:Edmonton,CE,Edmonton,
CE:Ellesmere,CE,Ellesmere,
CE:Eltham,CE,Eltham,
CE:Embarkation Pier,CE,Embarkation Pier,
CE:Englebelmer,CE,Englebelmer,
CE:Englebelmer Extension,CE,Englebelmer Extension,
CE:Enschede,CE,Enschede,
CE:Epsom,CE,Epsom,
CE:Erquinghem-Lys,CE,Erquinghem-Lys,
CE:Esquelbecq,CE,Esquelbecq,
CE:Estaires,CE,Estaires,
CE:Etaples,CE,Etaples,
CE:Etretat,CE,Etretat,
CE:Euston Road,CE,Euston Road,
CE:Ewshot,CE,Ewshot,
CE:Exeter,CE,Exeter,
CE:Fairlie,CE,Fairlie,
CE:Faubourg,CE,Faubourg,
CE:Favreuil,CE,Favreuil,
CE:Featherston,CE,Featherston,
CE:Feilding,CE,Feilding,
CE:Fienvillers,CE,Fienvillers,
CE:Fifteen Ravine,CE,Fifteen Ravine,
CE:Fillievres,CE,Fillievres,
CE:Fins,CE,Fins,
CE:Flatiron Copse,CE,Flatiron Copse,
CE:Flesquieres Hill,CE,Flesquieres Hill,
CE:Foncquevillers,CE,Foncquevillers,
CE:Fontaine-Au-Pir,CE,Fontaine-Au-Pir,
CE:Forbes,CE,Forbes,
CE:Forceville,CE,Forceville,
CE:Fordyce,CE,Fordyce,
CE:Forenville,CE,Forenville,
CE:Fort Pitt,CE,Fort Pitt,
CE:Foxton,CE,Foxton,
CE:Franvillers,CE,Franvillers,
CE:Freetown,CE,Freetown,
CE:Fricourt,CE,Fricourt,
CE:Fricourt New,CE,Fricourt New,
CE:Gaza,CE,Gaza,
CE:Geraldine,CE,Geraldine,
CE:Gezaincourt,CE,Gezaincourt,
CE:Gibraltar,CE,Gibraltar,
CE:Gisborne,CE,Gisborne,
CE:Glasgow Craigton,CE,Glasgow Craigton,
CE:Glasgow St. Ketigerns,CE,Glasgow St. Ketigerns,
CE:Glasgow Western,CE,Glasgow Western,
CE:Glossop,CE,Glossop,
CE:Godewaersvelde,CE,Godewaersvelde,
CE:Gommecourt,CE,Gommecourt,
CE:Gommecourt Wood,CE,Gommecourt Wood,
CE:Gore,CE,Gore,
CE:Gouzeaucourt,CE,Gouzeaucourt,
CE:Grangegorman,CE,Grangegorman,
CE:Grantham,CE,Grantham,
CE:Gravesend,CE,Gravesend,
CE:Greatford,CE,Greatford,
CE:Green Island,CE,Green Island,
CE:Greenwich,CE,Greenwich,
CE:Grevillers,CE,Grevillers,
CE:Grevillers NZ Memorial,CE,Grevillers NZ Memorial,
CE:Greymouth,CE,Greymouth,
CE:Greytown,CE,Greytown,
CE:Greytown Papawai,CE,Greytown Papawai,
CE:Grootebeek,CE,Grootebeek,
CE:Grove Town,CE,Grove Town,
CE:Guards,CE,Guards,
CE:Gunners Farm,CE,Gunners Farm,
CE:Gwalia,CE,Gwalia,
CE:H.A.C.,CE,H.A.C.,
CE:Habarcq,CE,Habarcq,
CE:Haidar Pasha,CE,Haidar Pasha,
CE:Haifa,CE,Haifa,
CE:Hakaru,CE,Hakaru,
CE:Hakataramea,CE,Hakataramea,
CE:Hallencourt,CE,Hallencourt,
CE:Halluin,CE,Halluin,
CE:Hamburg,CE,Hamburg,
CE:Hamilton East,CE,Hamilton East,
CE:Hamilton West,CE,Hamilton West,
CE:Hampden,CE,Hampden,
CE:Hampstead,CE,Hampstead,
CE:Hanmer Springs,CE,Hanmer Springs,
CE:Haringhe,CE,Haringhe,
CE:Hartwell,CE,Hartwell,
CE:Hastings,CE,Hastings,
CE:Havay,CE,Havay,
CE:Havelock North,CE,Havelock North,
CE:Hawera,CE,Hawera,
CE:Hazebrouck,CE,Hazebrouck,
CE:Heath,CE,Heath,
CE:Hebuterne,CE,Hebuterne,
CE:Hedauville,CE,Hedauville,
CE:Heilly Station,CE,Heilly Station,
CE:Heliopolis,CE,Heliopolis,
CE:Hermies,CE,Hermies,
CE:Hill 60,CE,Hill 60,
CE:Hill 60 NZ Memorial,CE,Hill 60 NZ Memorial,
CE:Hillingdon,CE,Hillingdon,
CE:Hillsborough,CE,Hillsborough,
CE:Hither,CE,Hither,
CE:Hokitika,CE,Hokitika,
CE:Hondeghem,CE,Hondeghem,
CE:Honnechy,CE,Honnechy,
CE:Hooge Crater,CE,Hooge Crater,
CE:Hornchurch,CE,Hornchurch,
CE:Hororata,CE,Hororata,
CE:Hound,CE,Hound,
CE:Houplines,CE,Houplines,
CE:Hove,CE,Hove,
CE:Hukerenui,CE,Hukerenui,
CE:Hunterville,CE,Hunterville,
CE:Huntly,CE,Huntly,
CE:Ilmington,CE,Ilmington,
CE:Imtarfa,CE,Imtarfa,
CE:Inglewood,CE,Inglewood,
CE:Invercargill Eastern,CE,Invercargill Eastern,
CE:Invercargill Waikiwi,CE,Invercargill Waikiwi,
CE:Ipswich,CE,Ipswich,
CE:Isla Bank,CE,Isla Bank,
CE:Ismailia,CE,Ismailia,
CE:Jerusalem,CE,Jerusalem,
CE:Jerusalem Memorial,CE,Jerusalem Memorial,
CE:Johnsonville,CE,Johnsonville,
CE:Kaiapoi,CE,Kaiapoi,
CE:Kaikohe,CE,Kaikohe,
CE:Kaikoura,CE,Kaikoura,
CE:Kaimaumau,CE,Kaimaumau,
CE:Kakahi,CE,Kakahi,
CE:Kamo,CE,Kamo,
CE:Kandahar Farm,CE,Kandahar Farm,
CE:Kantara Memorial,CE,Kantara Memorial,
CE:Kantara War Memorial,CE,Kantara War Memorial,
CE:Karitane,CE,Karitane,
CE:Karori St. Marys,CE,Karori St. Marys,
CE:Katikati,CE,Katikati,
CE:Kaukapakapa,CE,Kaukapakapa,
CE:Kawakawa,CE,Kawakawa,
CE:Kawhia,CE,Kawhia,
CE:Kelso,CE,Kelso,
CE:Kemmel Chateau,CE,Kemmel Chateau,
CE:Kemmel No.1,CE,Kemmel No.1,
CE:Kensal Green,CE,Kensal Green,
CE:Kilbrandon,CE,Kilbrandon,
CE:Killinchy,CE,Killinchy,
CE:Killyman,CE,Killyman,
CE:Kiltallagh,CE,Kiltallagh,
CE:Kincardine,CE,Kincardine,
CE:Kingsdown,CE,Kingsdown,
CE:Kingston,CE,Kingston,
CE:Kirkcaldy,CE,Kirkcaldy,
CE:Kirkwall,CE,Kirkwall,
CE:Kirriemuir,CE,Kirriemuir,
CE:Klein-Vierstraa,CE,Klein-Vierstraa,
CE:Knightsbridge,CE,Knightsbridge,
CE:Kortrijk,CE,Kortrijk,
CE:Kuku,CE,Kuku,
CE:Kumara,CE,Kumara,
CE:La Brique,CE,La Brique,
CE:La Chapelette,CE,La Chapelette,
CE:La Clytte,CE,La Clytte,
CE:La Longueville,CE,La Longueville,
CE:La Louviere,CE,La Louviere,
CE:La Plus Douve,CE,La Plus Douve,
CE:Ladywell,CE,Ladywell,
CE:Laithkirk,CE,Laithkirk,
CE:Lancashire Landing,CE,Lancashire Landing,
CE:Lawrence,CE,Lawrence,
CE:Le Cateau,CE,Le Cateau,
CE:Le Quesnoy,CE,Le Quesnoy,
CE:Lebucquiere,CE,Lebucquiere,
CE:Leeds,CE,Leeds,
CE:Leigh,CE,Leigh,
CE:Les Baraques,CE,Les Baraques,
CE:Les-Rues-Des-Vignes,CE,Les-Rues-Des-Vignes,
CE:Leuze,CE,Leuze,
CE:Levallois-Perre,CE,Levallois-Perre,
CE:Levin,CE,Levin,
CE:Leytonstone,CE,Leytonstone,
CE:L'Homme Mort,CE,L'Homme Mort,
CE:Liege,CE,Liege,
CE:Lijssenthoek,CE,Lijssenthoek,
CE:Lille Southern,CE,Lille Southern,
CE:Lincoln,CE,Lincoln,
CE:Lincoln St. Swithins,CE,Lincoln St. Swithins,
CE:Lindenhoek,CE,Lindenhoek,
CE:Little River,CE,Little River,
CE:Liverpool,CE,Liverpool,
CE:Locre Hospice,CE,Locre Hospice,
CE:London,CE,London,
CE:London Rifle,CE,London Rifle,
CE:Londonthorpe,CE,Londonthorpe,
CE:Lone Pine,CE,Lone Pine,
CE:Lone Pine Memorial,CE,Lone Pine Memorial,
CE:Longuenesse,CE,Longuenesse,
CE:Longueval,CE,Longueval,
CE:Louvencourt,CE,Louvencourt,
CE:Louverval,CE,Louverval,
CE:Lower Hutt,CE,Lower Hutt,
CE:Lower Moutere,CE,Lower Moutere,
CE:Lyttelton,CE,Lyttelton,
CE:Lyttelton Anglican,CE,Lyttelton Anglican,
CE:Maala,CE,Maala,
CE:Magiagi,CE,Magiagi,
CE:Maheno,CE,Maheno,
CE:Mailly Wood,CE,Mailly Wood,
CE:Mailly-Maillet,CE,Mailly-Maillet,
CE:Maitahi,CE,Maitahi,
CE:Makaraka,CE,Makaraka,
CE:Manaia,CE,Manaia,
CE:Manchester,CE,Manchester,
CE:Manchester Soutern,CE,Manchester Soutern,
CE:Mangamaunu,CE,Mangamaunu,
CE:Mangapehi,CE,Mangapehi,
CE:Mangaweka,CE,Mangaweka,
CE:Mangere,CE,Mangere,
CE:Manutuke,CE,Manutuke,
CE:Maple Leaf,CE,Maple Leaf,
CE:Maraeroa,CE,Maraeroa,
CE:Marcoing,CE,Marcoing,
CE:Marfaux,CE,Marfaux,
CE:Marfaux NZ Memorial,CE,Marfaux NZ Memorial,
CE:Martinborough,CE,Martinborough,
CE:Martinsart,CE,Martinsart,
CE:Marton,CE,Marton,
CE:Masnieres,CE,Masnieres,
CE:Masterton,CE,Masterton,
CE:Matakana,CE,Matakana,
CE:Matamata,CE,Matamata,
CE:Matapihi,CE,Matapihi,
CE:Matarawa,CE,Matarawa,
CE:Matata,CE,Matata,
CE:Mataura,CE,Mataura,
CE:Matauri Bay,CE,Matauri Bay,
CE:Maubeuge,CE,Maubeuge,
CE:Maubeuge-Centre,CE,Maubeuge-Centre,
CE:Mauku,CE,Mauku,
CE:Maungatapu,CE,Maungatapu,
CE:Mazargues,CE,Mazargues,
CE:Meerut Cantonment,CE,Meerut Cantonment,
CE:Melcombe,CE,Melcombe,
CE:Mendinghem,CE,Mendinghem,
CE:Menin Road,CE,Menin Road,
CE:Mesnil,CE,Mesnil,
CE:Messines Ridge,CE,Messines Ridge,
CE:Messines Ridge NZ Memorial,CE,Messines Ridge NZ Memorial,
CE:Meteren,CE,Meteren,
CE:Methven,CE,Methven,
CE:Metz-En-Couture,CE,Metz-En-Couture,
CE:Mikra,CE,Mikra,
CE:Mikra Memorial,CE,Mikra Memorial,
CE:Millencourt,CE,Millencourt,
CE:Milton,CE,Milton,
CE:Mohaka,CE,Mohaka,
CE:Mons,CE,Mons,
CE:Mont Huon,CE,Mont Huon,
CE:Mory Abbey,CE,Mory Abbey,
CE:Motor Car Corner,CE,Motor Car Corner,
CE:Motueka,CE,Motueka,
CE:Motuihe,CE,Motuihe,
CE:Mouvaux,CE,Mouvaux,
CE:Mud Corner,CE,Mud Corner,
CE:Murchison,CE,Murchison,
CE:Murupara,CE,Murupara,
CE:Napier Old,CE,Napier Old,
CE:Napier Park Island,CE,Napier Park Island,
CE:Napier Waiohiki,CE,Napier Waiohiki,
CE:Naves,CE,Naves,
CE:Neath,CE,Neath,
CE:Nelson,CE,Nelson,
CE:Netheravon,CE,Netheravon,
CE:Netley,CE,Netley,
CE:Neuville-Bourjo,CE,Neuville-Bourjo,
CE:New Irish Farm,CE,New Irish Farm,
CE:New Monkland,CE,New Monkland,
CE:New Plymouth,CE,New Plymouth,
CE:Newcastle-Upon-Tyne,CE,Newcastle-Upon-Tyne,
CE:Newtownards,CE,Newtownards,
CE:Ngaruawahia,CE,Ngaruawahia,
CE:Ngatimoti,CE,Ngatimoti,
CE:Niederzwehren,CE,Niederzwehren,
CE:Nielles-Les-Blequin,CE,Nielles-Les-Blequin,
CE:Nieppe,CE,Nieppe,
CE:Nieuwkerke,CE,Nieuwkerke,
CE:Nine Elms,CE,Nine Elms,
CE:No.2 Outpost,CE,No.2 Outpost,
CE:Norsewood,CE,Norsewood,
CE:Nuhaka,CE,Nuhaka,
CE:Nunhead,CE,Nunhead,
CE:NZ Book of Remembrance,CE,NZ Book of Remembrance,
CE:NZ No.2 Outpost,CE,NZ No.2 Outpost,
CE:Oamaru,CE,Oamaru,
CE:Ohakune,CE,Ohakune,
CE:Ohinemango,CE,Ohinemango,
CE:Okaihau,CE,Okaihau,
CE:Okauia,CE,Okauia,
CE:Okere,CE,Okere,
CE:Okete,CE,Okete,
CE:Oldham,CE,Oldham,
CE:Oldshore,CE,Oldshore,
CE:Omahu,CE,Omahu,
CE:Ontario,CE,Ontario,
CE:Oosttaverne,CE,Oosttaverne,
CE:Opotiki,CE,Opotiki,
CE:Opunake,CE,Opunake,
CE:Orira,CE,Orira,
CE:Otago,CE,Otago,
CE:Otahuhu,CE,Otahuhu,
CE:Otahuhu Anglican,CE,Otahuhu Anglican,
CE:Otahuhu Catholic,CE,Otahuhu Catholic,
CE:Otaki,CE,Otaki,
CE:Otaki Catholic,CE,Otaki Catholic,
CE:Otaki Maori,CE,Otaki Maori,
CE:Otautau,CE,Otautau,
CE:Outtersteene,CE,Outtersteene,
CE:Ovillers,CE,Ovillers,
CE:Owaka,CE,Owaka,
CE:Oxford Botley,CE,Oxford Botley,
CE:Oxford Road,CE,Oxford Road,
CE:Pahiatua,CE,Pahiatua,
CE:Paignton,CE,Paignton,
CE:Pakaraka,CE,Pakaraka,
CE:Pakaraka Holy Trinity,CE,Pakaraka Holy Trinity,
CE:Palmerston,CE,Palmerston,
CE:Palmerston North,CE,Palmerston North,
CE:Pamapuria,CE,Pamapuria,
CE:Papakura,CE,Papakura,
CE:Passchendaele,CE,Passchendaele,
CE:Patea,CE,Patea,
CE:Paterangi,CE,Paterangi,
CE:Pawarenga,CE,Pawarenga,
CE:Perth,CE,Perth,
CE:Petone,CE,Petone,
CE:Picton,CE,Picton,
CE:Pidley,CE,Pidley,
CE:Pieta,CE,Pieta,
CE:Pink Farm,CE,Pink Farm,
CE:Ploegsteert Wood,CE,Ploegsteert Wood,
CE:Plugge's Plateau,CE,Plugge's Plateau,
CE:Plymouth Efford,CE,Plymouth Efford,
CE:Plymouth Ford Park,CE,Plymouth Ford Park,
CE:Plymouth Weston Mill,CE,Plymouth Weston Mill,
CE:Poelcapelle,CE,Poelcapelle,
CE:Point-Du-Jour,CE,Point-Du-Jour,
CE:Pokeno,CE,Pokeno,
CE:Polygon Wood,CE,Polygon Wood,
CE:Pont-D'Achelles,CE,Pont-D'Achelles,
CE:Pont-Du-Hem,CE,Pont-Du-Hem,
CE:Poperinghe,CE,Poperinghe,
CE:Porirua,CE,Porirua,
CE:Port Albert,CE,Port Albert,
CE:Port Chalmers,CE,Port Chalmers,
CE:Port Said,CE,Port Said,
CE:Porte-De-Paris,CE,Porte-De-Paris,
CE:Portianos,CE,Portianos,
CE:Portobello,CE,Portobello,
CE:Portsdown,CE,Portsdown,
CE:Potijze Chateau,CE,Potijze Chateau,
CE:Prebbleton,CE,Prebbleton,
CE:Preesall,CE,Preesall,
CE:Prowse Point,CE,Prowse Point,
CE:Puchevillers,CE,Puchevillers,
CE:Pukekohe,CE,Pukekohe,
CE:Pukepoto,CE,Pukepoto,
CE:Pukerimu,CE,Pukerimu,
CE:Purekireki,CE,Purekireki,
CE:Purerua,CE,Purerua,
CE:Purewa,CE,Purewa,
CE:Purua,CE,Purua,
CE:Quarry,CE,Quarry,
CE:Queant,CE,Queant,
CE:Queant Road,CE,Queant Road,
CE:Queens,CE,Queens,
CE:Queenstown,CE,Queenstown,
CE:Quinn's Post,CE,Quinn's Post,
CE:Raetihi,CE,Raetihi,
CE:Raetihi Maori,CE,Raetihi Maori,
CE:Railway Dugouts,CE,Railway Dugouts,
CE:Ramleh,CE,Ramleh,
CE:Ramparts,CE,Ramparts,
CE:Rangiahua,CE,Rangiahua,
CE:Rangiora East,CE,Rangiora East,
CE:Rangiora Presby,CE,Rangiora Presby,
CE:Rangiora St. Johns,CE,Rangiora St. Johns,
CE:Rangiwaea Island,CE,Rangiwaea Island,
CE:Ration Farm,CE,Ration Farm,
CE:Ration Farm Military,CE,Ration Farm Military,
CE:Rawene,CE,Rawene,
CE:Reading,CE,Reading,
CE:Redoubt,CE,Redoubt,
CE:Reefton,CE,Reefton,
CE:Remuera,CE,Remuera,
CE:Reninghelst,CE,Reninghelst,
CE:Ribecourt,CE,Ribecourt,
CE:Ribecourt Railway,CE,Ribecourt Railway,
CE:Ribecourt Road,CE,Ribecourt Road,
CE:Richmond,CE,Richmond,
CE:Ridge Wood,CE,Ridge Wood,
CE:Riversdale,CE,Riversdale,
CE:Riverton,CE,Riverton,
CE:Rockingham,CE,Rockingham,
CE:Roclincourt Valley,CE,Roclincourt Valley,
CE:Rocquigny-Equancourt,CE,Rocquigny-Equancourt,
CE:Romeries,CE,Romeries,
CE:Rongotea,CE,Rongotea,
CE:Rookwood,CE,Rookwood,
CE:Ross,CE,Ross,
CE:Rossignol Wood,CE,Rossignol Wood,
CE:Rotoroa Island,CE,Rotoroa Island,
CE:Rotorua,CE,Rotorua,
CE:Ruatoki North,CE,Ruatoki North,
CE:Rue-David,CE,Rue-David,
CE:Rue-Du-Bois,CE,Rue-Du-Bois,
CE:Rue-Petillon,CE,Rue-Petillon,
CE:Ruesnes,CE,Ruesnes,
CE:Rumilly-En-Cambresis,CE,Rumilly-En-Cambresis,
CE:Ruyaulcourt,CE,Ruyaulcourt,
CE:Sailly-Au-Bois,CE,Sailly-Au-Bois,
CE:Salonika,CE,Salonika,
CE:Sanctuary Wood,CE,Sanctuary Wood,
CE:Sanson,CE,Sanson,
CE:Saultain,CE,Saultain,
CE:Sedgley,CE,Sedgley,
CE:Sedlescombe,CE,Sedlescombe,
CE:Serre Road 1,CE,Serre Road 1,
CE:Serre Road 2,CE,Serre Road 2,
CE:Sezanne,CE,Sezanne,
CE:Shackerstone,CE,Shackerstone,
CE:Shrapnel Valley,CE,Shrapnel Valley,
CE:Shrine,CE,Shrine,
CE:Skew Bridge,CE,Skew Bridge,
CE:Solesmes British,CE,Solesmes British,
CE:Solesmes Communal,CE,Solesmes Communal,
CE:Somme American,CE,Somme American,
CE:South Malvern,CE,South Malvern,
CE:Springston,CE,Springston,
CE:Springvale,CE,Springvale,
CE:St. Amand,CE,St. Amand,
CE:St. Aubert,CE,St. Aubert,
CE:St. Cloud,CE,St. Cloud,
CE:St. Columb,CE,St. Columb,
CE:St. Georges,CE,St. Georges,
CE:St. Hilaire,CE,St. Hilaire,
CE:St. Hilaire Extension,CE,St. Hilaire Extension,
CE:St. Julien,CE,St. Julien,
CE:St. Mabyn,CE,St. Mabyn,
CE:St. Pierre,CE,St. Pierre,
CE:St. Pol,CE,St. Pol,
CE:St. Pol Extension,CE,St. Pol Extension,
CE:St. Quentin Cabaret,CE,St. Quentin Cabaret,
CE:St. Sever,CE,St. Sever,
CE:St. Sever Extension,CE,St. Sever Extension,
CE:St. Souplet,CE,St. Souplet,
CE:St. Teath,CE,St. Teath,
CE:St. Waast-La-Vallee,CE,St. Waast-La-Vallee,
CE:Staple Churchyard,CE,Staple Churchyard,
CE:Ste. Marie,CE,Ste. Marie,
CE:Stevenage,CE,Stevenage,
CE:Stillwater,CE,Stillwater,
CE:Stoke-On-Trent Burslem,CE,Stoke-On-Trent Burslem,
CE:Stoke-On-Trent Hanley,CE,Stoke-On-Trent Hanley,
CE:Strand,CE,Strand,
CE:Stratford Kopuatama,CE,Stratford Kopuatama,
CE:Stratford-Sub-Castle,CE,Stratford-Sub-Castle,
CE:Sucrerie,CE,Sucrerie,
CE:Suez,CE,Suez,
CE:Sunken Road,CE,Sunken Road,
CE:Sutton,CE,Sutton,
CE:Suva,CE,Suva,
CE:Swanson,CE,Swanson,
CE:Taihape,CE,Taihape,
CE:Tamahere,CE,Tamahere,
CE:Tamaterau,CE,Tamaterau,
CE:Tancrez Farm,CE,Tancrez Farm,
CE:Tapanui,CE,Tapanui,
CE:Taradale,CE,Taradale,
CE:Tararu,CE,Tararu,
CE:Taringamotu,CE,Taringamotu,
CE:Tataraimaka,CE,Tataraimaka,
CE:Taumarunui,CE,Taumarunui,
CE:Taupiri,CE,Taupiri,
CE:Tauranga Anglican,CE,Tauranga Anglican,
CE:Tauranga Presby,CE,Tauranga Presby,
CE:Tauranga Welcome Bay,CE,Tauranga Welcome Bay,
CE:Te Aroha,CE,Te Aroha,
CE:Te Awamutu,CE,Te Awamutu,
CE:Te Hauke,CE,Te Hauke,
CE:Te Kaha,CE,Te Kaha,
CE:Te Kahika,CE,Te Kahika,
CE:Te Kao,CE,Te Kao,
CE:Te Kuiti,CE,Te Kuiti,
CE:Te Ore Ore,CE,Te Ore Ore,
CE:Te Urupa O Putiki,CE,Te Urupa O Putiki,
CE:Tehran,CE,Tehran,
CE:Tehran Memorial,CE,Tehran Memorial,
CE:Tel El Kebir,CE,Tel El Kebir,
CE:Templeton,CE,Templeton,
CE:Temuka,CE,Temuka,
CE:Terlincthun,CE,Terlincthun,
CE:Thames Parawai,CE,Thames Parawai,
CE:Thames Shortland,CE,Thames Shortland,
CE:Thames Totara,CE,Thames Totara,
CE:The Farm,CE,The Farm,
CE:The Huts,CE,The Huts,
CE:The Nek,CE,The Nek,
CE:Thiepval,CE,Thiepval,
CE:Thilloy Road,CE,Thilloy Road,
CE:Thistle Dump,CE,Thistle Dump,
CE:Tidworth,CE,Tidworth,
CE:Tikapa,CE,Tikapa,
CE:Tilloy,CE,Tilloy,
CE:Timaru,CE,Timaru,
CE:Toberanierin,CE,Toberanierin,
CE:Tokomaru Bay,CE,Tokomaru Bay,
CE:Tolaga,CE,Tolaga,
CE:Tolaga Bay Maori,CE,Tolaga Bay Maori,
CE:Torquay,CE,Torquay,
CE:Tourcoing,CE,Tourcoing,
CE:Tourgeville,CE,Tourgeville,
CE:Tournai,CE,Tournai,
CE:Tralee,CE,Tralee,
CE:Trentham,CE,Trentham,
CE:Trois Arbres,CE,Trois Arbres,
CE:Tuahiwi Chief,CE,Tuahiwi Chief,
CE:Tuakau,CE,Tuakau,
CE:Tuamarina,CE,Tuamarina,
CE:Tuapeka,CE,Tuapeka,
CE:Tuatapere,CE,Tuatapere,
CE:Tuparoa,CE,Tuparoa,
CE:Twelve Tree Copse,CE,Twelve Tree Copse,
CE:Twelve Tree Copse NZ Memorial,CE,Twelve Tree Copse NZ Memorial,
CE:Tyne Cot,CE,Tyne Cot,
CE:Tyne Cot Memorial,CE,Tyne Cot Memorial,
CE:Underhill Farm,CE,Underhill Farm,
CE:Upper Tutaenui,CE,Upper Tutaenui,
CE:Uranie,CE,Uranie,
CE:Valenciennes,CE,Valenciennes,
CE:Varennes,CE,Varennes,
CE:Vaulx Hill,CE,Vaulx Hill,
CE:Vertigneul,CE,Vertigneul,
CE:Vevey,CE,Vevey,
CE:Viesly,CE,Viesly,
CE:Villers Hill,CE,Villers Hill,
CE:Villers-Faucon,CE,Villers-Faucon,
CE:Vlamertinghe,CE,Vlamertinghe,
CE:Voormezeele 1 & 2,CE,Voormezeele 1 & 2,
CE:Voormezeele 3,CE,Voormezeele 3,
CE:Waihaha,CE,Waihaha,
CE:Waihi,CE,Waihi,
CE:Waikaia,CE,Waikaia,
CE:Waikaka,CE,Waikaka,
CE:Waikanae,CE,Waikanae,
CE:Waikaraka Park,CE,Waikaraka Park,
CE:Waikouaiti,CE,Waikouaiti,
CE:Waimangaroa,CE,Waimangaroa,
CE:Waimate,CE,Waimate,
CE:Waipiro Bay,CE,Waipiro Bay,
CE:Waipu,CE,Waipu,
CE:Waipukurau,CE,Waipukurau,
CE:Wairoa,CE,Wairoa,
CE:Wairoa Ruataniwha,CE,Wairoa Ruataniwha,
CE:Waitahuna,CE,Waitahuna,
CE:Waitara,CE,Waitara,
CE:Waitati,CE,Waitati,
CE:Waiuku,CE,Waiuku,
CE:Walker's Ridge,CE,Walker's Ridge,
CE:Walton-On-Thames,CE,Walton-On-Thames,
CE:Wandsworth,CE,Wandsworth,
CE:Wanganui,CE,Wanganui,
CE:Wanganui Aramoho,CE,Wanganui Aramoho,
CE:Wanganui Heads Road,CE,Wanganui Heads Road,
CE:Warepa,CE,Warepa,
CE:Warkworth Anglican,CE,Warkworth Anglican,
CE:Warkworth Presby,CE,Warkworth Presby,
CE:Warlencourt,CE,Warlencourt,
CE:Warrington,CE,Warrington,
CE:Waterton,CE,Waterton,
CE:Wavans,CE,Wavans,
CE:Waverley,CE,Waverley,
CE:Wellington Karori,CE,Wellington Karori,
CE:Wellington Memorial,CE,Wellington Memorial,
CE:Weri Weri,CE,Weri Weri,
CE:West Norwood,CE,West Norwood,
CE:West Oxford,CE,West Oxford,
CE:West Taieri,CE,West Taieri,
CE:Westhof Farm,CE,Westhof Farm,
CE:Westouter,CE,Westouter,
CE:Westoutre,CE,Westoutre,
CE:Westport,CE,Westport,
CE:Whakaki,CE,Whakaki,
CE:Whakapirau,CE,Whakapirau,
CE:Whakarewarewa,CE,Whakarewarewa,
CE:Whakatane,CE,Whakatane,
CE:Whangarei Maunu,CE,Whangarei Maunu,
CE:Whangarei Otaika,CE,Whangarei Otaika,
CE:Whareora,CE,Whareora,
CE:Whirinaki,CE,Whirinaki,
CE:Whitchurch,CE,Whitchurch,
CE:White House,CE,White House,
CE:Whitianga,CE,Whitianga,
CE:Wieltje Farm,CE,Wieltje Farm,
CE:Wimereux,CE,Wimereux,
CE:Winton,CE,Winton,
CE:Wokingham,CE,Wokingham,
CE:Wolvercote,CE,Wolvercote,
CE:Woodgrange Park,CE,Woodgrange Park,
CE:Woodville,CE,Woodville,
CE:Woolwich,CE,Woolwich,
CE:Wreys Bush,CE,Wreys Bush,
CE:Wulverghem-Lindenhoek,CE,Wulverghem-Lindenhoek,
CE:Wyndham,CE,Wyndham,
CE:Wytschaete,CE,Wytschaete,
CE:Y Farm,CE,Y Farm,
CE:Ypres Reservoir,CE,Ypres Reservoir,
CE:Zuydcoote,CE,Zuydcoote,
EN:Ayun Kara,EN,Ayun Kara,
EN:Gallipoli,EN,Gallipoli,
LW:Greece,LW,Greece,
LW:Malta,LW,Malta,
ME:AM,ME,AM,
ME:DCM,ME,DCM,
ME:DCM-Bar,ME,DCM-Bar,
ME:DSO,ME,DSO,
ME:DSO-Bar,ME,DSO-Bar,
ME:MC,ME,MC,
ME:MC-Bar,ME,MC-Bar,
ME:MG,ME,MG,
ME:MG-C,ME,MG-C,
ME:MiD,ME,MiD,
ME:MiD-2,ME,MiD-2,
ME:MiD-3,ME,MiD-3,
ME:MiD-5,ME,MiD-5,
ME:MM,ME,MM,
ME:MM-Bar,ME,MM-Bar,
ME:MSM,ME,MSM,
ME:NZESM,ME,NZESM,
ME:OB,ME,OB,
ME:OB-C,ME,OB-C,
ME:OBE,ME,OBE,
ME:OBE-M,ME,OBE-M,
ME:OBE-O,ME,OBE-O,
ME:VC,ME,VC,
SC:Otago Boys,SC,Otago Boys,
SC:Wgtn Col,SC,Wgtn Col,
SC:Waitaki Boys,SC,Waitaki Boys,
SI:My Family,SI,My Family,
SI:POW,SI,POW,
SO:Brigadier,SO,Brigadier,
SO:Captain,SO,Captain,
SO:Chaplain Class III (Major),SO,Chaplain Class III (Major),
SO:Colonel,SO,Colonel,
SO:Lieutenant,SO,Lieutenant,
SO:Lieutenant Colonel,SO,Lieutenant Colonel,
SO:Major,SO,Major,
SO:Major General,SO,Major General,
TN:1,TN,1,
TN:10,TN,10,
TN:100,TN,100,
TN:101,TN,101,
TN:102,TN,102,
TN:103,TN,103,
TN:104,TN,104,
TN:105,TN,105,
TN:106,TN,106,
TN:107,TN,107,
TN:108,TN,108,
TN:109,TN,109,
TN:11,TN,11,
TN:110,TN,110,
TN:111,TN,111,
TN:12,TN,12,
TN:13,TN,13,
TN:14,TN,14,
TN:15,TN,15,
TN:16,TN,16,
TN:17,TN,17,
TN:18,TN,18,
TN:19,TN,19,
TN:2,TN,2,
TN:20,TN,20,
TN:21,TN,21,
TN:22,TN,22,
TN:23,TN,23,
TN:24,TN,24,
TN:25,TN,25,
TN:26,TN,26,
TN:27,TN,27,
TN:28,TN,28,
TN:29,TN,29,
TN:3,TN,3,
TN:30,TN,30,
TN:31,TN,31,
TN:32,TN,32,
TN:33,TN,33,
TN:34,TN,34,
TN:35,TN,35,
TN:36,TN,36,
TN:37,TN,37,
TN:38,TN,38,
TN:39,TN,39,
TN:4,TN,4,
TN:40,TN,40,
TN:41,TN,41,
TN:42,TN,42,
TN:43,TN,43,
TN:44,TN,44,
TN:45,TN,45,
TN:46,TN,46,
TN:47,TN,47,
TN:48,TN,48,
TN:49,TN,49,
TN:5,TN,5,
TN:50,TN,50,
TN:51,TN,51,
TN:52,TN,52,
TN:53,TN,53,
TN:54,TN,54,
TN:55,TN,55,
TN:56,TN,56,
TN:57,TN,57,
TN:58,TN,58,
TN:59,TN,59,
TN:6,TN,6,
TN:60,TN,60,
TN:61,TN,61,
TN:62,TN,62,
TN:63,TN,63,
TN:64,TN,64,
TN:65,TN,65,
TN:66,TN,66,
TN:67,TN,67,
TN:68,TN,68,
TN:69,TN,69,
TN:7,TN,7,
TN:70,TN,70,
TN:71,TN,71,
TN:72,TN,72,
TN:73,TN,73,
TN:74,TN,74,
TN:75,TN,75,
TN:76,TN,76,
TN:77,TN,77,
TN:78,TN,78,
TN:79,TN,79,
TN:8,TN,8,
TN:80,TN,80,
TN:81,TN,81,
TN:82,TN,82,
TN:83,TN,83,
TN:84,TN,84,
TN:85,TN,85,
TN:86,TN,86,
TN:87,TN,87,
TN:88,TN,88,
TN:89,TN,89,
TN:9,TN,9,
TN:90,TN,90,
TN:91,TN,91,
TN:92,TN,92,
TN:93,TN,93,
TN:94,TN,94,
TN:95,TN,95,
TN:96,TN,96,
TN:97,TN,97,
TN:98,TN,98,
TN:99,TN,99,
TS:Aparima,TS,Aparima,
TS:Arawa,TS,Arawa,
TS:Athenic,TS,Athenic,
TS:Corinthic,TS,Corinthic,
TS:Dalmore,TS,Dalmore,
TS:Devon,TS,Devon,
TS:Hawkes Bay,TS,Hawkes Bay,
TS:Ionic,TS,Ionic,
TS:Knight of the Garter,TS,Knight of the Garter,
TS:Knight Templar,TS,Knight Templar,
TS:Limerick,TS,Limerick,
TS:Maheno,TS,Maheno,
TS:Marama,TS,Marama,
TS:Matatua,TS,Matatua,
TS:Maunganui,TS,Maunganui,
TS:Moeraki,TS,Moeraki,
TS:Mokoia,TS,Mokoia,
TS:Monowai,TS,Monowai,
TS:Navua,TS,Navua,
TS:Opawa,TS,Opawa,
TS:Orari,TS,Orari,
TS:Pakeha,TS,Pakeha,
TS:Port Lyttelton,TS,Port Lyttelton,
TS:Remuera,TS,Remuera,
TS:Ruahine,TS,Ruahine,
TS:Ruapehu,TS,Ruapehu,
TS:Star of India,TS,Star of India,
TS:Tahiti,TS,Tahiti,
TS:Talune,TS,Talune,
TS:Tofua,TS,Tofua,
TS:Turakina,TS,Turakina,
TS:Ulimaroa,TS,Ulimaroa,
TS:Verdala,TS,Verdala,
TS:Waihora,TS,Waihora,
TS:Waimana,TS,Waimana,
TS:Waitemata,TS,Waitemata,
TS:Waitomo,TS,Waitomo,
TS:Warrimoo,TS,Warrimoo,
TS:Willochra,TS,Willochra,
VE:10th Contingent,VE,10th Contingent,
VE:Andes,VE,Andes,
VE:Aparima,VE,Aparima,
VE:Aparima or Navua or Warrimoo,VE,Aparima or Navua or Warrimoo,
VE:Aquitania,VE,Aquitania,
VE:Arawa,VE,Arawa,
VE:Arawa or Limerick,VE,Arawa or Limerick,
VE:Athenic,VE,Athenic,
VE:Balmoral Castle,VE,Balmoral Castle,
VE:Bayano,VE,Bayano,
VE:Berrima,VE,Berrima,
VE:Corinthic,VE,Corinthic,
VE:Corinthic or Arawa,VE,Corinthic or Arawa,
VE:Cornwall,VE,Cornwall,
VE:CU HMNZS Philomel,VE,CU HMNZS Philomel,x
VE:CU SS Devon,VE,CU SS Devon,x
VE:Dalmore,VE,Dalmore,
VE:Devon,VE,Devon,
VE:Devon or Pakeha,VE,Devon or Pakeha,
VE:Drayton Grange,VE,Drayton Grange,
VE:Dunera,VE,Dunera,
VE:Empire Pride,VE,Empire Pride,
VE:Empress of Britain,VE,Empress of Britain,
VE:Empress of Canada,VE,Empress of Canada,
VE:Empress of Japan,VE,Empress of Japan,
VE:Empress of Scotland,VE,Empress of Scotland,
VE:Gulf of Taranto,VE,Gulf of Taranto,
VE:Gymeric,VE,Gymeric,
VE:H.S. Oranje,VE,H.S. Oranje,x
VE:Haranui,VE,Haranui,
VE:Hawkes Bay,VE,Hawkes Bay,
VE:HMNZ Philomel,VE,HMNZ Philomel,x
VE:HMNZS Philomel,VE,HMNZS Philomel,x
VE:HMS Ganges,VE,HMS Ganges,x
VE:HMS Pyramus,VE,HMS Pyramus,x
VE:Hororata,VE,Hororata,
VE:Hurunui,VE,Hurunui,
VE:Ionic,VE,Ionic,
VE:Iris,VE,Iris,
VE:Kanowna,VE,Kanowna,
VE:Kent,VE,Kent,
VE:Knight Templar,VE,Knight Templar,
VE:Knight Templar or Waitoma,VE,Knight Templar or Waitoma,
VE:Kumara,VE,Kumara,
VE:Leitrim,VE,Leitrim,
VE:Lincolnshire,VE,Lincolnshire,
VE:Lynn,VE,Lynn,
VE:Maheno,VE,Maheno,
VE:Makarini,VE,Makarini,
VE:Makura,VE,Makura,
VE:Manitou,VE,Manitou,
VE:Manuka,VE,Manuka,
VE:Maori,VE,Maori,
VE:Marama,VE,Marama,
VE:Marquette,VE,Marquette,
VE:Matatua,VE,Matatua,
VE:Maui,VE,Maui,
VE:Maunganui,VE,Maunganui,
VE:Maunganui or Tahiti or Aparima,VE,Maunganui or Tahiti or Aparima,
VE:Maunganui or Tahiti or Aparima or Navua or Warrimoo,VE,Maunganui or Tahiti or Aparima or Navua or Warrimoo,
VE:Maunganui WWI,VE,Maunganui WWI,
VE:Mauretania,VE,Mauretania,
VE:Mauritania,VE,Mauritania,
VE:Melusia,VE,Melusia,
VE:Moana,VE,Moana,
VE:Moeraki,VE,Moeraki,
VE:Moeraki or Monowai,VE,Moeraki or Monowai,
VE:Mokoia,VE,Mokoia,
VE:Monowai,VE,Monowai,
VE:Monowai or Rangatira,VE,Monowai or Rangatira,
VE:Monterey,VE,Monterey,
VE:Morea,VE,Morea,
VE:Morinda,VE,Morinda,
VE:Navua,VE,Navua,
VE:Neptune,VE,Neptune,
"VE:New Zealand Infantry Brigade WWI, WWII",VE,"New Zealand Infantry Brigade WWI, WWII",
VE:Niagara,VE,Niagara,
VE:Nieuw Amsterdam,VE,Nieuw Amsterdam,
VE:Nieuw Amsterdam transferring to Nevassa at Bombay,VE,Nieuw Amsterdam transferring to Nevassa at Bombay,
VE:Norfolk,VE,Norfolk,
VE:Opawa,VE,Opawa,
VE:Orari,VE,Orari,
VE:Orari or Arawa,VE,Orari or Arawa,
VE:Orcades,VE,Orcades,
VE:Osterley,VE,Osterley,
VE:Pakeha,VE,Pakeha,
VE:Paloona,VE,Paloona,
VE:Paparoa,VE,Paparoa,
VE:Pera,VE,Pera,
VE:Port Haking,VE,Port Haking,
VE:Port Lyttelton,VE,Port Lyttelton,
VE:Port Nicholson,VE,Port Nicholson,
VE:Remuera,VE,Remuera,
VE:Rimutaka,VE,Rimutaka,
VE:Riverina,VE,Riverina,
VE:RMS Tahiti,VE,RMS Tahiti,
VE:Rotorua,VE,Rotorua,
VE:Ruahine,VE,Ruahine,
VE:Ruapehu,VE,Ruapehu,
VE:Ruapehu or Hawkes Bay,VE,Ruapehu or Hawkes Bay,
VE:SS Cornwall,VE,SS Cornwall,
VE:SS Norfolk,VE,SS Norfolk,
VE:SS Waiwera,VE,SS Waiwera,
VE:Star of India,VE,Star of India,
VE:Star of India or Waimana,VE,Star of India or Waimana,
VE:Strathaird,VE,Strathaird,
VE:Surrey,VE,Surrey,
VE:Tahiti,VE,Tahiti,
VE:Tahiti or Athenic,VE,Tahiti or Athenic,
VE:Tahiti or Maunganui,VE,Tahiti or Maunganui,
VE:Tainui,VE,Tainui,
VE:Talune,VE,Talune,
VE:Tofua,VE,Tofua,
VE:Tutanekai,VE,Tutanekai,
VE:Ulimaroa,VE,Ulimaroa,
VE:Ulimaroa or Mokoia or Navua,VE,Ulimaroa or Mokoia or Navua,
VE:Unknown Ship,VE,Unknown Ship,x
VE:UST West Point,VE,UST West Point,x
VE:Verdala or Willochra or Knight of the Garter,VE,Verdala or Willochra or Knight of the Garter,
VE:Waihora,VE,Waihora,
VE:Waimana,VE,Waimana,
VE:Waimate,VE,Waimate,
VE:Waitemata,VE,Waitemata,
VE:Waiwera,VE,Waiwera,
VE:Warrimoo,VE,Warrimoo,
VE:Westralia,VE,Westralia,
VE:Willochra,VE,Willochra,
VE:Willochra or Knight Templar,VE,Willochra or Knight Templar,
VE:Willochra or Knight Templar or Waitomo,VE,Willochra or Knight Templar or Waitomo,
VE:Willochra or Tofua,VE,Willochra or Tofua,
VE:Zealandic,VE,Zealandic,
